0.288587466,18.91383624,1
0.99,23.7,3
0.909670571,12.70718618,4
0.57905599,0.055168764,5
1.25,37.1,2
1.12,20,3
0.87424758,3.397211101,5
0.817570795,7.216688059,5
0.90022444,0.174527419,5
0.522379205,5.30694958,4
1.580345863,30.37226711,1
0.664,34.2,2
0.959262758,0.293886074,4
1.358361787,50.90195576,1
1.03,-0.064189891,3
0.699494159,5.54566689,5
1.436292367,22.49459589,1
1.14346231,51.73746634,1
0.647540439,11.8716756,4
1.110400852,0.055168764,1
0.813,25.4,3
0.513,14.97500063,3
0.475,24.2,2
0.569609859,46.84376149,1
0.968708889,9.007067882,4
1.39,30,2
0.817570795,15.92986987,4
1.3,16.8,2
0.936,38,2
1.19,8.29,2
0.364,11.75231695,2
0.418,8.410274608,3
1.57798433,47.0824788,1
0.425556363,-0.064189891,4
0.291,0.174527419,2
1.1,10.32001309,3
0.420833298,34.907896,1
1.07,-0.0642,2
1.273346609,11.8716756,1
0.636,21.4,3
0.355,-0.064189891,3
0.194126157,0.174527419,1
0.84827072,51.97618365,1
